sex,age,survived,pclass,sibsp,parch,fare,Cabin.Level
female,29.0,1.0,1.0,0.0,0.0,211.3375,B
male,0.9167,1.0,1.0,1.0,2.0,151.55,C
female,2.0,0.0,1.0,1.0,2.0,151.55,C
male,30.0,0.0,1.0,1.0,2.0,151.55,C
female,25.0,0.0,1.0,1.0,2.0,151.55,C
male,48.0,1.0,1.0,0.0,0.0,26.55,E
female,63.0,1.0,1.0,1.0,0.0,77.9583,D
male,39.0,0.0,1.0,0.0,0.0,0.0,A
female,53.0,1.0,1.0,2.0,0.0,51.4792,C
male,71.0,0.0,1.0,0.0,0.0,49.5042,
male,47.0,0.0,1.0,1.0,0.0,227.525,C
female,18.0,1.0,1.0,1.0,0.0,227.525,C
female,24.0,1.0,1.0,0.0,0.0,69.3,B
female,26.0,1.0,1.0,0.0,0.0,78.85,
male,80.0,1.0,1.0,0.0,0.0,30.0,A
male,24.0,0.0,1.0,0.0,1.0,247.5208,B
female,50.0,1.0,1.0,0.0,1.0,247.5208,B
female,32.0,1.0,1.0,0.0,0.0,76.2917,D
male,36.0,0.0,1.0,0.0,0.0,75.2417,C
male,37.0,1.0,1.0,1.0,1.0,52.5542,D
female,47.0,1.0,1.0,1.0,1.0,52.5542,D
male,26.0,1.0,1.0,0.0,0.0,30.0,C
female,42.0,1.0,1.0,0.0,0.0,227.525,
female,29.0,1.0,1.0,0.0,0.0,221.7792,C
male,25.0,0.0,1.0,0.0,0.0,26.0,
male,25.0,1.0,1.0,1.0,0.0,91.0792,B
female,19.0,1.0,1.0,1.0,0.0,91.0792,B
female,35.0,1.0,1.0,0.0,0.0,135.6333,C
male,28.0,1.0,1.0,0.0,0.0,26.55,C
male,45.0,0.0,1.0,0.0,0.0,35.5,T
male,40.0,1.0,1.0,0.0,0.0,31.0,A
female,30.0,1.0,1.0,0.0,0.0,164.8667,C
female,58.0,1.0,1.0,0.0,0.0,26.55,C
male,42.0,0.0,1.0,0.0,0.0,26.55,D
female,45.0,1.0,1.0,0.0,0.0,262.375,
female,22.0,1.0,1.0,0.0,1.0,55.0,E
male,41.0,0.0,1.0,0.0,0.0,30.5,A
male,48.0,0.0,1.0,0.0,0.0,50.4958,B
female,44.0,1.0,1.0,0.0,0.0,27.7208,B
female,59.0,1.0,1.0,2.0,0.0,51.4792,C
female,60.0,1.0,1.0,0.0,0.0,76.2917,D
female,41.0,1.0,1.0,0.0,0.0,134.5,E
male,45.0,0.0,1.0,0.0,0.0,26.55,B
male,42.0,1.0,1.0,0.0,0.0,26.2875,E
female,53.0,1.0,1.0,0.0,0.0,27.4458,
male,36.0,1.0,1.0,0.0,1.0,512.3292,B
female,58.0,1.0,1.0,0.0,1.0,512.3292,B
male,33.0,0.0,1.0,0.0,0.0,5.0,B
male,28.0,0.0,1.0,0.0,0.0,47.1,
male,17.0,0.0,1.0,0.0,0.0,47.1,
male,11.0,1.0,1.0,1.0,2.0,120.0,B
female,14.0,1.0,1.0,1.0,2.0,120.0,B
male,36.0,1.0,1.0,1.0,2.0,120.0,B
female,36.0,1.0,1.0,1.0,2.0,120.0,B
male,49.0,0.0,1.0,0.0,0.0,26.0,
male,36.0,0.0,1.0,1.0,0.0,78.85,C
female,76.0,1.0,1.0,1.0,0.0,78.85,C
male,46.0,0.0,1.0,1.0,0.0,61.175,E
female,47.0,1.0,1.0,1.0,0.0,61.175,E
male,27.0,1.0,1.0,1.0,0.0,53.1,E
female,33.0,1.0,1.0,1.0,0.0,53.1,E
female,36.0,1.0,1.0,0.0,0.0,262.375,B
female,30.0,1.0,1.0,0.0,0.0,86.5,B
male,45.0,1.0,1.0,0.0,0.0,29.7,A
male,27.0,0.0,1.0,1.0,0.0,136.7792,C
female,26.0,1.0,1.0,1.0,0.0,136.7792,C
female,22.0,1.0,1.0,0.0,0.0,151.55,
male,47.0,0.0,1.0,0.0,0.0,25.5875,E
female,39.0,1.0,1.0,1.0,1.0,83.1583,E
male,37.0,0.0,1.0,1.0,1.0,83.1583,E
female,64.0,1.0,1.0,0.0,2.0,83.1583,E
female,55.0,1.0,1.0,2.0,0.0,25.7,C
male,70.0,0.0,1.0,1.0,1.0,71.0,B
female,36.0,1.0,1.0,0.0,2.0,71.0,B
female,64.0,1.0,1.0,1.0,1.0,26.55,B
male,39.0,0.0,1.0,1.0,0.0,71.2833,C
female,38.0,1.0,1.0,1.0,0.0,71.2833,C
male,51.0,1.0,1.0,0.0,0.0,26.55,E
male,27.0,1.0,1.0,0.0,0.0,30.5,
female,33.0,1.0,1.0,0.0,0.0,151.55,
male,31.0,0.0,1.0,1.0,0.0,52.0,B
female,27.0,1.0,1.0,1.0,2.0,52.0,B
male,31.0,1.0,1.0,1.0,0.0,57.0,B
female,17.0,1.0,1.0,1.0,0.0,57.0,B
male,53.0,1.0,1.0,1.0,1.0,81.8583,A
male,4.0,1.0,1.0,0.0,2.0,81.8583,A
female,54.0,1.0,1.0,1.0,1.0,81.8583,A
male,50.0,0.0,1.0,1.0,0.0,106.425,C
female,27.0,1.0,1.0,1.0,1.0,247.5208,B
female,48.0,1.0,1.0,1.0,0.0,106.425,C
female,48.0,1.0,1.0,1.0,0.0,39.6,A
male,49.0,1.0,1.0,1.0,0.0,56.9292,A
male,39.0,0.0,1.0,0.0,0.0,29.7,A
female,23.0,1.0,1.0,0.0,1.0,83.1583,C
female,38.0,1.0,1.0,0.0,0.0,227.525,C
female,54.0,1.0,1.0,1.0,0.0,78.2667,D
female,36.0,0.0,1.0,0.0,0.0,31.6792,A
male,36.0,1.0,1.0,0.0,0.0,26.3875,E
male,30.0,0.0,1.0,0.0,0.0,27.75,C
female,24.0,1.0,1.0,3.0,2.0,263.0,C
female,28.0,1.0,1.0,3.0,2.0,263.0,C
female,23.0,1.0,1.0,3.0,2.0,263.0,C
male,19.0,0.0,1.0,3.0,2.0,263.0,C
male,64.0,0.0,1.0,1.0,4.0,263.0,C
female,60.0,1.0,1.0,1.0,4.0,263.0,C
female,30.0,1.0,1.0,0.0,0.0,56.9292,E
male,50.0,1.0,1.0,2.0,0.0,133.65,
male,43.0,1.0,1.0,1.0,0.0,27.7208,D
female,22.0,1.0,1.0,0.0,2.0,49.5,B
male,60.0,1.0,1.0,1.0,1.0,79.2,B
female,48.0,1.0,1.0,1.0,1.0,79.2,B
male,37.0,0.0,1.0,1.0,0.0,53.1,C
female,35.0,1.0,1.0,1.0,0.0,53.1,C
male,47.0,0.0,1.0,0.0,0.0,38.5,E
female,35.0,1.0,1.0,0.0,0.0,211.5,C
female,22.0,1.0,1.0,0.0,1.0,59.4,
female,45.0,1.0,1.0,0.0,1.0,59.4,
male,24.0,0.0,1.0,0.0,0.0,79.2,B
male,49.0,1.0,1.0,1.0,0.0,89.1042,C
male,71.0,0.0,1.0,0.0,0.0,34.6542,A
male,53.0,1.0,1.0,0.0,0.0,28.5,C
female,19.0,1.0,1.0,0.0,0.0,30.0,B
male,38.0,0.0,1.0,0.0,1.0,153.4625,C
female,58.0,1.0,1.0,0.0,1.0,153.4625,C
male,23.0,1.0,1.0,0.0,1.0,63.3583,D
female,45.0,1.0,1.0,0.0,1.0,63.3583,D
male,46.0,0.0,1.0,0.0,0.0,79.2,B
male,25.0,1.0,1.0,1.0,0.0,55.4417,E
female,25.0,1.0,1.0,1.0,0.0,55.4417,E
male,48.0,1.0,1.0,1.0,0.0,76.7292,D
female,49.0,1.0,1.0,1.0,0.0,76.7292,D
male,45.0,0.0,1.0,1.0,0.0,83.475,C
female,35.0,1.0,1.0,1.0,0.0,83.475,C
male,40.0,0.0,1.0,0.0,0.0,0.0,B
male,27.0,1.0,1.0,0.0,0.0,76.7292,D
female,24.0,1.0,1.0,0.0,0.0,83.1583,C
male,55.0,0.0,1.0,1.0,1.0,93.5,B
female,52.0,1.0,1.0,1.0,1.0,93.5,B
male,42.0,0.0,1.0,0.0,0.0,42.5,B
male,55.0,0.0,1.0,0.0,0.0,50.0,C
female,16.0,1.0,1.0,0.0,1.0,57.9792,B
female,44.0,1.0,1.0,0.0,1.0,57.9792,B
female,51.0,1.0,1.0,1.0,0.0,77.9583,D
male,42.0,0.0,1.0,1.0,0.0,52.0,
female,35.0,1.0,1.0,1.0,0.0,52.0,
male,35.0,1.0,1.0,0.0,0.0,26.55,
male,38.0,1.0,1.0,1.0,0.0,90.0,C
female,35.0,1.0,1.0,1.0,0.0,90.0,C
female,50.0,0.0,1.0,0.0,0.0,28.7125,C
male,49.0,1.0,1.0,0.0,0.0,0.0,B
male,46.0,0.0,1.0,0.0,0.0,26.0,
male,50.0,0.0,1.0,0.0,0.0,26.0,E
male,32.5,0.0,1.0,0.0,0.0,211.5,C
male,58.0,0.0,1.0,0.0,0.0,29.7,B
male,41.0,0.0,1.0,1.0,0.0,51.8625,D
male,42.0,1.0,1.0,1.0,0.0,52.5542,D
female,45.0,1.0,1.0,1.0,0.0,52.5542,D
female,39.0,1.0,1.0,0.0,0.0,211.3375,
female,49.0,1.0,1.0,0.0,0.0,25.9292,D
female,30.0,1.0,1.0,0.0,0.0,106.425,
male,35.0,1.0,1.0,0.0,0.0,512.3292,B
male,42.0,0.0,1.0,0.0,0.0,26.55,
female,55.0,1.0,1.0,0.0,0.0,27.7208,
female,16.0,1.0,1.0,0.0,1.0,39.4,D
female,51.0,1.0,1.0,0.0,1.0,39.4,D
male,29.0,0.0,1.0,0.0,0.0,30.0,D
female,21.0,1.0,1.0,0.0,0.0,77.9583,D
male,30.0,0.0,1.0,0.0,0.0,45.5,
female,58.0,1.0,1.0,0.0,0.0,146.5208,B
female,15.0,1.0,1.0,0.0,1.0,211.3375,B
male,30.0,0.0,1.0,0.0,0.0,26.0,C
female,16.0,1.0,1.0,0.0,0.0,86.5,B
male,19.0,0.0,1.0,1.0,0.0,53.1,D
female,18.0,1.0,1.0,1.0,0.0,53.1,D
female,24.0,1.0,1.0,0.0,0.0,49.5042,C
male,46.0,0.0,1.0,0.0,0.0,75.2417,C
male,54.0,0.0,1.0,0.0,0.0,51.8625,E
male,36.0,1.0,1.0,0.0,0.0,26.2875,E
male,28.0,0.0,1.0,1.0,0.0,82.1708,
male,65.0,0.0,1.0,0.0,0.0,26.55,E
male,44.0,0.0,1.0,2.0,0.0,90.0,C
female,33.0,1.0,1.0,1.0,0.0,90.0,C
female,37.0,1.0,1.0,1.0,0.0,90.0,C
male,30.0,1.0,1.0,1.0,0.0,57.75,C
male,55.0,0.0,1.0,0.0,0.0,30.5,C
male,47.0,0.0,1.0,0.0,0.0,42.4,
male,37.0,0.0,1.0,0.0,1.0,29.7,C
female,31.0,1.0,1.0,1.0,0.0,113.275,D
female,23.0,1.0,1.0,1.0,0.0,113.275,D
male,58.0,0.0,1.0,0.0,2.0,113.275,D
female,19.0,1.0,1.0,0.0,2.0,26.2833,D
male,64.0,0.0,1.0,0.0,0.0,26.0,
female,39.0,1.0,1.0,0.0,0.0,108.9,C
female,22.0,1.0,1.0,0.0,1.0,61.9792,B
male,65.0,0.0,1.0,0.0,1.0,61.9792,B
male,28.5,0.0,1.0,0.0,0.0,27.7208,D
male,45.5,0.0,1.0,0.0,0.0,28.5,C
male,23.0,0.0,1.0,0.0,0.0,93.5,B
male,29.0,0.0,1.0,1.0,0.0,66.6,C
female,22.0,1.0,1.0,1.0,0.0,66.6,C
male,18.0,0.0,1.0,1.0,0.0,108.9,C
female,17.0,1.0,1.0,1.0,0.0,108.9,C
female,30.0,1.0,1.0,0.0,0.0,93.5,B
male,52.0,1.0,1.0,0.0,0.0,30.5,C
male,47.0,0.0,1.0,0.0,0.0,52.0,C
female,56.0,1.0,1.0,0.0,1.0,83.1583,C
male,38.0,0.0,1.0,0.0,0.0,0.0,
male,22.0,0.0,1.0,0.0,0.0,135.6333,
female,43.0,1.0,1.0,0.0,1.0,211.3375,B
male,31.0,0.0,1.0,0.0,0.0,50.4958,A
male,45.0,1.0,1.0,0.0,0.0,26.55,
female,33.0,1.0,1.0,0.0,0.0,27.7208,A
male,46.0,0.0,1.0,0.0,0.0,79.2,
male,36.0,0.0,1.0,0.0,0.0,40.125,A
female,33.0,1.0,1.0,0.0,0.0,86.5,B
male,55.0,0.0,1.0,1.0,0.0,59.4,
female,54.0,1.0,1.0,1.0,0.0,59.4,
male,33.0,0.0,1.0,0.0,0.0,26.55,
male,13.0,1.0,1.0,2.0,2.0,262.375,B
female,18.0,1.0,1.0,2.0,2.0,262.375,B
female,21.0,1.0,1.0,2.0,2.0,262.375,B
male,61.0,0.0,1.0,1.0,3.0,262.375,B
female,48.0,1.0,1.0,1.0,3.0,262.375,B
female,24.0,1.0,1.0,0.0,0.0,69.3,B
female,35.0,1.0,1.0,1.0,0.0,57.75,C
female,30.0,1.0,1.0,0.0,0.0,31.0,
male,34.0,1.0,1.0,0.0,0.0,26.55,
female,40.0,1.0,1.0,0.0,0.0,153.4625,C
male,35.0,1.0,1.0,0.0,0.0,26.2875,E
male,50.0,0.0,1.0,1.0,0.0,55.9,E
female,39.0,1.0,1.0,1.0,0.0,55.9,E
male,56.0,1.0,1.0,0.0,0.0,35.5,A
male,28.0,1.0,1.0,0.0,0.0,35.5,A
male,56.0,0.0,1.0,0.0,0.0,26.55,
male,56.0,0.0,1.0,0.0,0.0,30.6958,A
male,24.0,0.0,1.0,1.0,0.0,60.0,C
female,18.0,1.0,1.0,1.0,0.0,60.0,C
male,24.0,1.0,1.0,1.0,0.0,82.2667,B
female,23.0,1.0,1.0,1.0,0.0,82.2667,B
male,6.0,1.0,1.0,0.0,2.0,134.5,E
male,45.0,1.0,1.0,1.0,1.0,134.5,E
female,40.0,1.0,1.0,1.0,1.0,134.5,E
male,57.0,0.0,1.0,1.0,0.0,146.5208,B
male,32.0,1.0,1.0,0.0,0.0,30.5,B
male,62.0,0.0,1.0,0.0,0.0,26.55,C
male,54.0,1.0,1.0,1.0,0.0,55.4417,C
female,43.0,1.0,1.0,1.0,0.0,55.4417,C
female,52.0,1.0,1.0,1.0,0.0,78.2667,D
male,67.0,0.0,1.0,1.0,0.0,221.7792,C
female,63.0,0.0,1.0,1.0,0.0,221.7792,C
male,61.0,0.0,1.0,0.0,0.0,32.3208,D
female,48.0,1.0,1.0,0.0,0.0,25.9292,D
female,18.0,1.0,1.0,0.0,2.0,79.65,E
male,52.0,0.0,1.0,1.0,1.0,79.65,E
female,39.0,1.0,1.0,1.0,1.0,79.65,E
male,48.0,1.0,1.0,1.0,0.0,52.0,C
male,49.0,0.0,1.0,1.0,1.0,110.8833,C
male,17.0,1.0,1.0,0.0,2.0,110.8833,C
female,39.0,1.0,1.0,1.0,1.0,110.8833,C
male,31.0,1.0,1.0,0.0,0.0,28.5375,C
male,40.0,0.0,1.0,0.0,0.0,27.7208,
male,61.0,0.0,1.0,0.0,0.0,33.5,B
male,47.0,0.0,1.0,0.0,0.0,34.0208,D
female,35.0,1.0,1.0,0.0,0.0,512.3292,
male,64.0,0.0,1.0,1.0,0.0,75.25,D
female,60.0,1.0,1.0,1.0,0.0,75.25,D
male,60.0,0.0,1.0,0.0,0.0,26.55,
male,54.0,0.0,1.0,0.0,1.0,77.2875,D
male,21.0,0.0,1.0,0.0,1.0,77.2875,D
female,55.0,1.0,1.0,0.0,0.0,135.6333,C
female,31.0,1.0,1.0,0.0,2.0,164.8667,C
male,57.0,0.0,1.0,1.0,1.0,164.8667,
female,45.0,1.0,1.0,1.0,1.0,164.8667,
male,50.0,0.0,1.0,1.0,1.0,211.5,C
male,27.0,0.0,1.0,0.0,2.0,211.5,C
female,50.0,1.0,1.0,1.0,1.0,211.5,C
female,21.0,1.0,1.0,0.0,0.0,26.55,
male,51.0,0.0,1.0,0.0,1.0,61.3792,
male,21.0,1.0,1.0,0.0,1.0,61.3792,
female,31.0,1.0,1.0,0.0,0.0,134.5,E
male,62.0,0.0,1.0,0.0,0.0,26.55,
female,36.0,1.0,1.0,0.0,0.0,135.6333,C
male,30.0,0.0,2.0,1.0,0.0,24.0,
female,28.0,1.0,2.0,1.0,0.0,24.0,
male,30.0,0.0,2.0,0.0,0.0,13.0,
male,18.0,0.0,2.0,0.0,0.0,11.5,
male,25.0,0.0,2.0,0.0,0.0,10.5,
male,34.0,0.0,2.0,1.0,0.0,26.0,
female,36.0,1.0,2.0,1.0,0.0,26.0,
male,57.0,0.0,2.0,0.0,0.0,13.0,
male,18.0,0.0,2.0,0.0,0.0,11.5,
male,23.0,0.0,2.0,0.0,0.0,10.5,
female,36.0,1.0,2.0,0.0,0.0,13.0,D
male,28.0,0.0,2.0,0.0,0.0,10.5,
male,51.0,0.0,2.0,0.0,0.0,12.525,
male,32.0,1.0,2.0,1.0,0.0,26.0,
female,19.0,1.0,2.0,1.0,0.0,26.0,
male,28.0,0.0,2.0,0.0,0.0,26.0,
male,1.0,1.0,2.0,2.0,1.0,39.0,F
female,4.0,1.0,2.0,2.0,1.0,39.0,F
female,12.0,1.0,2.0,2.0,1.0,39.0,F
female,36.0,1.0,2.0,0.0,3.0,39.0,F
male,34.0,1.0,2.0,0.0,0.0,13.0,D
female,19.0,1.0,2.0,0.0,0.0,13.0,
male,23.0,0.0,2.0,0.0,0.0,13.0,
male,26.0,0.0,2.0,0.0,0.0,13.0,
male,42.0,0.0,2.0,0.0,0.0,13.0,
male,27.0,0.0,2.0,0.0,0.0,13.0,
female,24.0,1.0,2.0,0.0,0.0,13.0,F
female,15.0,1.0,2.0,0.0,2.0,39.0,
male,60.0,0.0,2.0,1.0,1.0,39.0,
female,40.0,1.0,2.0,1.0,1.0,39.0,
female,20.0,1.0,2.0,1.0,0.0,26.0,
male,25.0,0.0,2.0,1.0,0.0,26.0,
female,36.0,1.0,2.0,0.0,0.0,13.0,
male,25.0,0.0,2.0,0.0,0.0,13.0,
male,42.0,0.0,2.0,0.0,0.0,13.0,
female,42.0,1.0,2.0,0.0,0.0,13.0,
male,0.8333,1.0,2.0,0.0,2.0,29.0,
male,26.0,1.0,2.0,1.0,1.0,29.0,
female,22.0,1.0,2.0,1.0,1.0,29.0,
female,35.0,1.0,2.0,0.0,0.0,21.0,
male,19.0,0.0,2.0,0.0,0.0,13.0,
female,44.0,0.0,2.0,1.0,0.0,26.0,
male,54.0,0.0,2.0,1.0,0.0,26.0,
male,52.0,0.0,2.0,0.0,0.0,13.5,
male,37.0,0.0,2.0,1.0,0.0,26.0,
female,29.0,0.0,2.0,1.0,0.0,26.0,
female,25.0,1.0,2.0,1.0,1.0,30.0,
female,45.0,1.0,2.0,0.0,2.0,30.0,
male,29.0,0.0,2.0,1.0,0.0,26.0,
female,28.0,1.0,2.0,1.0,0.0,26.0,
male,29.0,0.0,2.0,0.0,0.0,10.5,
male,28.0,0.0,2.0,0.0,0.0,13.0,
male,24.0,1.0,2.0,0.0,0.0,10.5,
female,8.0,1.0,2.0,0.0,2.0,26.25,
male,31.0,0.0,2.0,1.0,1.0,26.25,
female,31.0,1.0,2.0,1.0,1.0,26.25,
female,22.0,1.0,2.0,0.0,0.0,10.5,F
female,30.0,0.0,2.0,0.0,0.0,13.0,
male,21.0,0.0,2.0,0.0,0.0,11.5,
male,8.0,1.0,2.0,1.0,1.0,36.75,
male,18.0,0.0,2.0,0.0,0.0,73.5,
female,48.0,1.0,2.0,0.0,2.0,36.75,
female,28.0,1.0,2.0,0.0,0.0,13.0,
male,32.0,0.0,2.0,0.0,0.0,13.0,
male,17.0,0.0,2.0,0.0,0.0,73.5,
male,29.0,0.0,2.0,1.0,0.0,27.7208,
female,24.0,1.0,2.0,1.0,0.0,27.7208,
male,25.0,0.0,2.0,0.0,0.0,31.5,
male,18.0,0.0,2.0,0.0,0.0,73.5,
female,18.0,1.0,2.0,0.0,1.0,23.0,
female,34.0,1.0,2.0,0.0,1.0,23.0,
male,54.0,0.0,2.0,0.0,0.0,26.0,
male,8.0,1.0,2.0,0.0,2.0,32.5,
male,42.0,0.0,2.0,1.0,1.0,32.5,
female,34.0,1.0,2.0,1.0,1.0,32.5,
female,27.0,1.0,2.0,1.0,0.0,13.8583,
female,30.0,1.0,2.0,1.0,0.0,13.8583,
male,23.0,0.0,2.0,0.0,0.0,13.0,
male,21.0,0.0,2.0,0.0,0.0,13.0,
male,18.0,0.0,2.0,0.0,0.0,13.0,
male,40.0,0.0,2.0,1.0,0.0,26.0,
female,29.0,1.0,2.0,1.0,0.0,26.0,
male,18.0,0.0,2.0,0.0,0.0,10.5,
male,36.0,0.0,2.0,0.0,0.0,13.0,
female,38.0,0.0,2.0,0.0,0.0,13.0,
male,35.0,0.0,2.0,0.0,0.0,26.0,
male,38.0,0.0,2.0,1.0,0.0,21.0,
male,34.0,0.0,2.0,1.0,0.0,21.0,
female,34.0,1.0,2.0,0.0,0.0,13.0,
male,16.0,0.0,2.0,0.0,0.0,26.0,
male,26.0,0.0,2.0,0.0,0.0,10.5,
male,47.0,0.0,2.0,0.0,0.0,10.5,
male,21.0,0.0,2.0,1.0,0.0,11.5,
male,21.0,0.0,2.0,1.0,0.0,11.5,
male,24.0,0.0,2.0,0.0,0.0,13.5,
male,24.0,0.0,2.0,0.0,0.0,13.0,
male,34.0,0.0,2.0,0.0,0.0,13.0,
male,30.0,0.0,2.0,0.0,0.0,13.0,
male,52.0,0.0,2.0,0.0,0.0,13.0,
male,30.0,0.0,2.0,0.0,0.0,13.0,
male,0.6667,1.0,2.0,1.0,1.0,14.5,
female,24.0,1.0,2.0,0.0,2.0,14.5,
male,44.0,0.0,2.0,0.0,0.0,13.0,
female,6.0,1.0,2.0,0.0,1.0,33.0,
male,28.0,0.0,2.0,0.0,1.0,33.0,
male,62.0,1.0,2.0,0.0,0.0,10.5,
male,30.0,0.0,2.0,0.0,0.0,10.5,
female,7.0,1.0,2.0,0.0,2.0,26.25,
male,43.0,0.0,2.0,1.0,1.0,26.25,
female,45.0,1.0,2.0,1.0,1.0,26.25,
female,24.0,1.0,2.0,1.0,2.0,65.0,
female,24.0,1.0,2.0,1.0,2.0,65.0,
male,49.0,0.0,2.0,1.0,2.0,65.0,
female,48.0,1.0,2.0,1.0,2.0,65.0,
female,55.0,1.0,2.0,0.0,0.0,16.0,
male,24.0,0.0,2.0,2.0,0.0,73.5,
male,32.0,0.0,2.0,2.0,0.0,73.5,
male,21.0,0.0,2.0,2.0,0.0,73.5,
female,18.0,0.0,2.0,1.0,1.0,13.0,
female,20.0,1.0,2.0,2.0,1.0,23.0,
male,23.0,0.0,2.0,2.0,1.0,11.5,
male,36.0,0.0,2.0,0.0,0.0,13.0,
female,54.0,1.0,2.0,1.0,3.0,23.0,
male,50.0,0.0,2.0,0.0,0.0,13.0,
male,44.0,0.0,2.0,1.0,0.0,26.0,
female,29.0,1.0,2.0,1.0,0.0,26.0,
male,21.0,0.0,2.0,0.0,0.0,73.5,
male,42.0,1.0,2.0,0.0,0.0,13.0,
male,63.0,0.0,2.0,1.0,0.0,26.0,
female,60.0,0.0,2.0,1.0,0.0,26.0,
male,33.0,0.0,2.0,0.0,0.0,12.275,
female,17.0,1.0,2.0,0.0,0.0,10.5,
male,42.0,0.0,2.0,1.0,0.0,27.0,
female,24.0,1.0,2.0,2.0,1.0,27.0,
male,47.0,0.0,2.0,0.0,0.0,15.0,
male,24.0,0.0,2.0,2.0,0.0,31.5,
male,22.0,0.0,2.0,2.0,0.0,31.5,
male,32.0,0.0,2.0,0.0,0.0,10.5,
female,23.0,1.0,2.0,0.0,0.0,13.7917,D
male,34.0,0.0,2.0,1.0,0.0,26.0,
female,24.0,1.0,2.0,1.0,0.0,26.0,
female,22.0,0.0,2.0,0.0,0.0,21.0,
male,35.0,0.0,2.0,0.0,0.0,12.35,
female,45.0,1.0,2.0,0.0,0.0,13.5,
male,57.0,0.0,2.0,0.0,0.0,12.35,
male,31.0,0.0,2.0,0.0,0.0,10.5,
female,26.0,0.0,2.0,1.0,1.0,26.0,
male,30.0,0.0,2.0,1.0,1.0,26.0,
female,1.0,1.0,2.0,1.0,2.0,41.5792,
female,3.0,1.0,2.0,1.0,2.0,41.5792,
male,25.0,0.0,2.0,1.0,2.0,41.5792,
female,22.0,1.0,2.0,1.0,2.0,41.5792,
female,17.0,1.0,2.0,0.0,0.0,12.0,
female,34.0,1.0,2.0,0.0,0.0,10.5,F
male,36.0,0.0,2.0,0.0,0.0,12.875,D
male,24.0,0.0,2.0,0.0,0.0,10.5,
male,61.0,0.0,2.0,0.0,0.0,12.35,
male,50.0,0.0,2.0,1.0,0.0,26.0,
female,42.0,1.0,2.0,1.0,0.0,26.0,
female,57.0,0.0,2.0,0.0,0.0,10.5,E
male,1.0,1.0,2.0,0.0,2.0,37.0042,
male,31.0,0.0,2.0,1.0,1.0,37.0042,
female,24.0,1.0,2.0,1.0,1.0,37.0042,
male,30.0,0.0,2.0,0.0,0.0,13.0,
male,40.0,0.0,2.0,0.0,0.0,16.0,
male,32.0,0.0,2.0,0.0,0.0,13.5,
male,30.0,0.0,2.0,0.0,0.0,13.0,
male,46.0,0.0,2.0,0.0,0.0,26.0,
female,13.0,1.0,2.0,0.0,1.0,19.5,
female,41.0,1.0,2.0,0.0,1.0,19.5,
male,19.0,1.0,2.0,0.0,0.0,10.5,
male,39.0,0.0,2.0,0.0,0.0,13.0,
male,48.0,0.0,2.0,0.0,0.0,13.0,
male,70.0,0.0,2.0,0.0,0.0,10.5,
male,27.0,0.0,2.0,0.0,0.0,13.0,
male,54.0,0.0,2.0,0.0,0.0,14.0,
male,39.0,0.0,2.0,0.0,0.0,26.0,
male,16.0,0.0,2.0,0.0,0.0,10.5,
male,62.0,0.0,2.0,0.0,0.0,9.6875,
male,32.5,0.0,2.0,1.0,0.0,30.0708,
female,14.0,1.0,2.0,1.0,0.0,30.0708,
male,2.0,1.0,2.0,1.0,1.0,26.0,F
male,3.0,1.0,2.0,1.0,1.0,26.0,F
male,36.5,0.0,2.0,0.0,2.0,26.0,F
male,26.0,0.0,2.0,0.0,0.0,13.0,F
male,19.0,0.0,2.0,1.0,1.0,36.75,
male,28.0,0.0,2.0,0.0,0.0,13.5,
male,20.0,1.0,2.0,0.0,0.0,13.8625,D
female,29.0,1.0,2.0,0.0,0.0,10.5,F
male,39.0,0.0,2.0,0.0,0.0,13.0,
male,22.0,1.0,2.0,0.0,0.0,10.5,
male,23.0,0.0,2.0,0.0,0.0,10.5,
male,29.0,1.0,2.0,0.0,0.0,13.8583,
male,28.0,0.0,2.0,0.0,0.0,10.5,
female,50.0,1.0,2.0,0.0,1.0,26.0,
male,19.0,0.0,2.0,0.0,0.0,10.5,
male,41.0,0.0,2.0,0.0,0.0,13.0,
female,21.0,1.0,2.0,0.0,1.0,21.0,
female,19.0,1.0,2.0,0.0,0.0,26.0,
male,43.0,0.0,2.0,0.0,1.0,21.0,
female,32.0,1.0,2.0,0.0,0.0,13.0,
male,34.0,0.0,2.0,0.0,0.0,13.0,
male,30.0,1.0,2.0,0.0,0.0,12.7375,
male,27.0,0.0,2.0,0.0,0.0,15.0333,
female,2.0,1.0,2.0,1.0,1.0,26.0,
female,8.0,1.0,2.0,1.0,1.0,26.0,
female,33.0,1.0,2.0,0.0,2.0,26.0,
male,36.0,0.0,2.0,0.0,0.0,10.5,
male,34.0,0.0,2.0,1.0,0.0,21.0,
female,30.0,1.0,2.0,3.0,0.0,21.0,
female,28.0,1.0,2.0,0.0,0.0,13.0,
male,23.0,0.0,2.0,0.0,0.0,15.0458,
male,0.8333,1.0,2.0,1.0,1.0,18.75,
male,3.0,1.0,2.0,1.0,1.0,18.75,
female,24.0,1.0,2.0,2.0,3.0,18.75,
female,50.0,1.0,2.0,0.0,0.0,10.5,
male,19.0,0.0,2.0,0.0,0.0,10.5,
female,21.0,1.0,2.0,0.0,0.0,10.5,
male,26.0,0.0,2.0,0.0,0.0,13.0,
male,25.0,0.0,2.0,0.0,0.0,13.0,
male,27.0,0.0,2.0,0.0,0.0,26.0,
female,25.0,1.0,2.0,0.0,1.0,26.0,
female,18.0,1.0,2.0,0.0,2.0,13.0,
female,20.0,1.0,2.0,0.0,0.0,36.75,
female,30.0,1.0,2.0,0.0,0.0,13.0,
male,59.0,0.0,2.0,0.0,0.0,13.5,
female,30.0,1.0,2.0,0.0,0.0,12.35,
male,35.0,0.0,2.0,0.0,0.0,10.5,
female,40.0,1.0,2.0,0.0,0.0,13.0,
male,25.0,0.0,2.0,0.0,0.0,13.0,
male,41.0,0.0,2.0,0.0,0.0,15.0458,
male,25.0,0.0,2.0,0.0,0.0,10.5,
male,18.5,0.0,2.0,0.0,0.0,13.0,F
male,14.0,0.0,2.0,0.0,0.0,65.0,
female,50.0,1.0,2.0,0.0,0.0,10.5,
male,23.0,0.0,2.0,0.0,0.0,13.0,
female,28.0,1.0,2.0,0.0,0.0,12.65,
female,27.0,1.0,2.0,0.0,0.0,10.5,E
male,29.0,0.0,2.0,1.0,0.0,21.0,
female,27.0,0.0,2.0,1.0,0.0,21.0,
male,40.0,0.0,2.0,0.0,0.0,13.0,
female,31.0,1.0,2.0,0.0,0.0,21.0,
male,30.0,0.0,2.0,1.0,0.0,21.0,
male,23.0,0.0,2.0,1.0,0.0,10.5,
female,31.0,1.0,2.0,0.0,0.0,21.0,
female,12.0,1.0,2.0,0.0,0.0,15.75,
female,40.0,1.0,2.0,0.0,0.0,15.75,
female,32.5,1.0,2.0,0.0,0.0,13.0,E
male,27.0,0.0,2.0,1.0,0.0,26.0,
female,29.0,1.0,2.0,1.0,0.0,26.0,
male,2.0,1.0,2.0,1.0,1.0,23.0,
female,4.0,1.0,2.0,1.0,1.0,23.0,
female,29.0,1.0,2.0,0.0,2.0,23.0,
female,0.9167,1.0,2.0,1.0,2.0,27.75,
female,5.0,1.0,2.0,1.0,2.0,27.75,
male,36.0,0.0,2.0,1.0,2.0,27.75,
female,33.0,1.0,2.0,1.0,2.0,27.75,
male,66.0,0.0,2.0,0.0,0.0,10.5,
male,31.0,1.0,2.0,0.0,0.0,13.0,
female,26.0,1.0,2.0,0.0,0.0,13.5,
female,24.0,0.0,2.0,0.0,0.0,13.0,
male,42.0,0.0,3.0,0.0,0.0,7.55,
male,13.0,0.0,3.0,0.0,2.0,20.25,
male,16.0,0.0,3.0,1.0,1.0,20.25,
female,35.0,1.0,3.0,1.0,1.0,20.25,
female,16.0,1.0,3.0,0.0,0.0,7.65,
male,25.0,1.0,3.0,0.0,0.0,7.65,F
male,20.0,1.0,3.0,0.0,0.0,7.925,
female,18.0,1.0,3.0,0.0,0.0,7.2292,
male,30.0,0.0,3.0,0.0,0.0,7.25,
male,26.0,0.0,3.0,0.0,0.0,8.05,
female,40.0,0.0,3.0,1.0,0.0,9.475,
male,0.8333,1.0,3.0,0.0,1.0,9.35,
female,18.0,1.0,3.0,0.0,1.0,9.35,
male,26.0,1.0,3.0,0.0,0.0,18.7875,
male,26.0,0.0,3.0,0.0,0.0,7.8875,
male,20.0,0.0,3.0,0.0,0.0,7.925,
male,24.0,0.0,3.0,0.0,0.0,7.05,
male,25.0,0.0,3.0,0.0,0.0,7.05,
male,35.0,0.0,3.0,0.0,0.0,8.05,
male,18.0,0.0,3.0,0.0,0.0,8.3,
male,32.0,0.0,3.0,0.0,0.0,22.525,
female,19.0,1.0,3.0,1.0,0.0,7.8542,
male,4.0,0.0,3.0,4.0,2.0,31.275,
female,6.0,0.0,3.0,4.0,2.0,31.275,
female,2.0,0.0,3.0,4.0,2.0,31.275,
female,17.0,1.0,3.0,4.0,2.0,7.925,
female,38.0,0.0,3.0,4.0,2.0,7.775,
female,9.0,0.0,3.0,4.0,2.0,31.275,
female,11.0,0.0,3.0,4.0,2.0,31.275,
male,39.0,0.0,3.0,1.0,5.0,31.275,
male,27.0,1.0,3.0,0.0,0.0,7.7958,
male,26.0,0.0,3.0,0.0,0.0,7.775,
female,39.0,0.0,3.0,1.0,5.0,31.275,
male,20.0,0.0,3.0,0.0,0.0,7.8542,
male,26.0,0.0,3.0,0.0,0.0,7.8958,
male,25.0,0.0,3.0,1.0,0.0,17.8,
female,18.0,0.0,3.0,1.0,0.0,17.8,
male,24.0,0.0,3.0,0.0,0.0,7.775,
male,35.0,0.0,3.0,0.0,0.0,7.05,
male,5.0,0.0,3.0,4.0,2.0,31.3875,
male,9.0,0.0,3.0,4.0,2.0,31.3875,
male,3.0,1.0,3.0,4.0,2.0,31.3875,
male,13.0,0.0,3.0,4.0,2.0,31.3875,
female,5.0,1.0,3.0,4.0,2.0,31.3875,
male,40.0,0.0,3.0,1.0,5.0,31.3875,
male,23.0,1.0,3.0,0.0,0.0,7.7958,
female,38.0,1.0,3.0,1.0,5.0,31.3875,
female,45.0,1.0,3.0,0.0,0.0,7.225,
male,21.0,0.0,3.0,0.0,0.0,7.225,
male,23.0,0.0,3.0,0.0,0.0,7.05,
female,17.0,0.0,3.0,0.0,0.0,14.4583,
male,30.0,0.0,3.0,0.0,0.0,7.225,
male,23.0,0.0,3.0,0.0,0.0,7.8542,
female,13.0,1.0,3.0,0.0,0.0,7.2292,
male,20.0,0.0,3.0,0.0,0.0,7.225,
male,32.0,0.0,3.0,1.0,0.0,15.85,
female,33.0,1.0,3.0,3.0,0.0,15.85,
female,0.75,1.0,3.0,2.0,1.0,19.2583,
female,0.75,1.0,3.0,2.0,1.0,19.2583,
female,5.0,1.0,3.0,2.0,1.0,19.2583,
female,24.0,1.0,3.0,0.0,3.0,19.2583,
female,18.0,1.0,3.0,0.0,0.0,8.05,
male,40.0,0.0,3.0,0.0,0.0,7.225,
male,26.0,0.0,3.0,0.0,0.0,7.8958,
male,20.0,1.0,3.0,0.0,0.0,7.2292,
female,18.0,0.0,3.0,0.0,1.0,14.4542,
female,45.0,0.0,3.0,0.0,1.0,14.4542,
female,27.0,0.0,3.0,0.0,0.0,7.8792,
male,22.0,0.0,3.0,0.0,0.0,8.05,
male,19.0,0.0,3.0,0.0,0.0,8.05,
male,26.0,0.0,3.0,0.0,0.0,7.775,
male,22.0,0.0,3.0,0.0,0.0,9.35,
male,20.0,0.0,3.0,0.0,0.0,4.0125,
male,32.0,1.0,3.0,0.0,0.0,56.4958,
male,21.0,0.0,3.0,0.0,0.0,7.775,
male,18.0,0.0,3.0,0.0,0.0,7.75,
male,26.0,0.0,3.0,0.0,0.0,7.8958,
male,6.0,0.0,3.0,1.0,1.0,15.2458,
female,9.0,0.0,3.0,1.0,1.0,15.2458,
male,40.0,0.0,3.0,1.0,1.0,15.5,
female,32.0,0.0,3.0,1.0,1.0,15.5,
male,21.0,0.0,3.0,0.0,0.0,16.1,
female,22.0,1.0,3.0,0.0,0.0,7.725,
female,20.0,0.0,3.0,0.0,0.0,7.8542,
male,29.0,0.0,3.0,1.0,0.0,7.0458,
male,22.0,0.0,3.0,1.0,0.0,7.25,
male,22.0,0.0,3.0,0.0,0.0,7.7958,
male,35.0,0.0,3.0,0.0,0.0,8.05,
female,18.5,0.0,3.0,0.0,0.0,7.2833,
male,21.0,1.0,3.0,0.0,0.0,7.8208,
male,19.0,0.0,3.0,0.0,0.0,6.75,
female,18.0,0.0,3.0,0.0,0.0,7.8792,
female,21.0,0.0,3.0,0.0,0.0,8.6625,
female,30.0,0.0,3.0,0.0,0.0,8.6625,
male,18.0,0.0,3.0,0.0,0.0,8.6625,
male,38.0,0.0,3.0,0.0,0.0,8.6625,
male,17.0,0.0,3.0,0.0,0.0,8.6625,
male,17.0,0.0,3.0,0.0,0.0,8.6625,
female,21.0,0.0,3.0,0.0,0.0,7.75,
male,21.0,0.0,3.0,0.0,0.0,7.75,
male,21.0,0.0,3.0,0.0,0.0,8.05,
male,28.0,0.0,3.0,0.0,0.0,7.7958,
male,24.0,0.0,3.0,0.0,0.0,7.8542,
female,16.0,1.0,3.0,0.0,0.0,7.75,
female,37.0,0.0,3.0,0.0,0.0,7.75,
male,28.0,0.0,3.0,0.0,0.0,7.25,
male,24.0,0.0,3.0,0.0,0.0,8.05,
male,21.0,0.0,3.0,0.0,0.0,7.7333,
male,32.0,1.0,3.0,0.0,0.0,56.4958,
male,29.0,0.0,3.0,0.0,0.0,8.05,
male,26.0,0.0,3.0,1.0,0.0,14.4542,
male,18.0,0.0,3.0,1.0,0.0,14.4542,
male,20.0,0.0,3.0,0.0,0.0,7.05,
male,18.0,1.0,3.0,0.0,0.0,8.05,
male,24.0,0.0,3.0,0.0,0.0,7.25,
male,36.0,0.0,3.0,0.0,0.0,7.4958,
male,24.0,0.0,3.0,0.0,0.0,7.4958,
male,31.0,0.0,3.0,0.0,0.0,7.7333,
male,31.0,0.0,3.0,0.0,0.0,7.75,
female,22.0,1.0,3.0,0.0,0.0,7.75,
female,30.0,0.0,3.0,0.0,0.0,7.6292,
male,70.5,0.0,3.0,0.0,0.0,7.75,
male,43.0,0.0,3.0,0.0,0.0,8.05,
male,35.0,0.0,3.0,0.0,0.0,7.8958,
male,27.0,0.0,3.0,0.0,0.0,7.8958,
male,19.0,0.0,3.0,0.0,0.0,7.8958,
male,30.0,0.0,3.0,0.0,0.0,8.05,
male,9.0,1.0,3.0,1.0,1.0,15.9,
male,3.0,1.0,3.0,1.0,1.0,15.9,
female,36.0,1.0,3.0,0.0,2.0,15.9,
male,59.0,0.0,3.0,0.0,0.0,7.25,
male,19.0,0.0,3.0,0.0,0.0,8.1583,
female,17.0,1.0,3.0,0.0,1.0,16.1,
male,44.0,0.0,3.0,0.0,1.0,16.1,
male,17.0,0.0,3.0,0.0,0.0,8.6625,
male,22.5,0.0,3.0,0.0,0.0,7.225,
male,45.0,1.0,3.0,0.0,0.0,8.05,
female,22.0,0.0,3.0,0.0,0.0,10.5167,
male,19.0,0.0,3.0,0.0,0.0,10.1708,
female,30.0,1.0,3.0,0.0,0.0,6.95,
male,29.0,1.0,3.0,0.0,0.0,7.75,
male,0.3333,0.0,3.0,0.0,2.0,14.4,
male,34.0,0.0,3.0,1.0,1.0,14.4,
female,28.0,0.0,3.0,1.0,1.0,14.4,
male,27.0,0.0,3.0,0.0,0.0,7.8958,
male,25.0,0.0,3.0,0.0,0.0,7.8958,
male,24.0,0.0,3.0,2.0,0.0,24.15,
male,22.0,0.0,3.0,0.0,0.0,8.05,
male,21.0,0.0,3.0,2.0,0.0,24.15,
male,17.0,0.0,3.0,2.0,0.0,8.05,
male,36.5,1.0,3.0,1.0,0.0,17.4,
female,36.0,1.0,3.0,1.0,0.0,17.4,
male,30.0,1.0,3.0,0.0,0.0,9.5,
male,16.0,0.0,3.0,0.0,0.0,9.5,
male,1.0,1.0,3.0,1.0,2.0,20.575,
female,0.1667,1.0,3.0,1.0,2.0,20.575,
male,26.0,0.0,3.0,1.0,2.0,20.575,
female,33.0,1.0,3.0,1.0,2.0,20.575,
male,25.0,0.0,3.0,0.0,0.0,7.8958,
male,22.0,0.0,3.0,0.0,0.0,7.25,
male,36.0,0.0,3.0,0.0,0.0,7.25,
female,19.0,1.0,3.0,0.0,0.0,7.8792,
male,17.0,0.0,3.0,0.0,0.0,7.8958,
male,42.0,0.0,3.0,0.0,0.0,8.6625,
male,43.0,0.0,3.0,0.0,0.0,7.8958,
male,32.0,0.0,3.0,0.0,0.0,7.75,
male,19.0,1.0,3.0,0.0,0.0,8.05,
female,30.0,1.0,3.0,0.0,0.0,12.475,
female,24.0,0.0,3.0,0.0,0.0,7.75,
female,23.0,1.0,3.0,0.0,0.0,8.05,
male,33.0,0.0,3.0,0.0,0.0,7.8958,
male,65.0,0.0,3.0,0.0,0.0,7.75,
male,24.0,1.0,3.0,0.0,0.0,7.55,
male,23.0,0.0,3.0,1.0,0.0,13.9,
female,22.0,1.0,3.0,1.0,0.0,13.9,
male,18.0,0.0,3.0,0.0,0.0,7.775,
male,16.0,0.0,3.0,0.0,0.0,7.775,
male,45.0,0.0,3.0,0.0,0.0,6.975,
male,39.0,0.0,3.0,0.0,2.0,7.2292,
male,17.0,0.0,3.0,1.0,1.0,7.2292,
male,15.0,0.0,3.0,1.0,1.0,7.2292,
male,47.0,0.0,3.0,0.0,0.0,7.25,
female,5.0,1.0,3.0,0.0,0.0,12.475,
male,40.5,0.0,3.0,0.0,0.0,15.1,
male,40.5,0.0,3.0,0.0,0.0,7.75,
male,18.0,0.0,3.0,0.0,0.0,7.7958,
male,26.0,0.0,3.0,0.0,0.0,7.8792,
female,21.0,0.0,3.0,2.0,2.0,34.375,
female,9.0,0.0,3.0,2.0,2.0,34.375,
male,18.0,0.0,3.0,2.0,2.0,34.375,
male,16.0,0.0,3.0,1.0,3.0,34.375,
female,48.0,0.0,3.0,1.0,3.0,34.375,
male,25.0,0.0,3.0,0.0,0.0,7.7417,
male,22.0,0.0,3.0,0.0,0.0,8.05,
female,16.0,1.0,3.0,0.0,0.0,7.7333,
male,9.0,1.0,3.0,0.0,2.0,20.525,
male,33.0,0.0,3.0,1.0,1.0,20.525,
male,41.0,0.0,3.0,0.0,0.0,7.85,
female,31.0,1.0,3.0,1.0,1.0,20.525,
male,38.0,0.0,3.0,0.0,0.0,7.05,
male,9.0,0.0,3.0,5.0,2.0,46.9,
male,1.0,0.0,3.0,5.0,2.0,46.9,
male,11.0,0.0,3.0,5.0,2.0,46.9,
female,10.0,0.0,3.0,5.0,2.0,46.9,
female,16.0,0.0,3.0,5.0,2.0,46.9,
male,14.0,0.0,3.0,5.0,2.0,46.9,
male,40.0,0.0,3.0,1.0,6.0,46.9,
female,43.0,0.0,3.0,1.0,6.0,46.9,
male,51.0,0.0,3.0,0.0,0.0,8.05,
male,32.0,0.0,3.0,0.0,0.0,8.3625,
male,20.0,0.0,3.0,0.0,0.0,9.8458,
male,37.0,0.0,3.0,2.0,0.0,7.925,
male,28.0,0.0,3.0,2.0,0.0,7.925,
male,19.0,0.0,3.0,0.0,0.0,7.775,
female,24.0,0.0,3.0,0.0,0.0,8.85,
female,17.0,0.0,3.0,0.0,0.0,7.7333,
male,28.0,0.0,3.0,1.0,0.0,15.85,
female,24.0,1.0,3.0,1.0,0.0,15.85,
male,20.0,0.0,3.0,0.0,0.0,9.5,
male,23.5,0.0,3.0,0.0,0.0,7.2292,
male,41.0,0.0,3.0,2.0,0.0,14.1083,
male,26.0,0.0,3.0,1.0,0.0,7.8542,
male,21.0,0.0,3.0,0.0,0.0,7.8542,
female,45.0,1.0,3.0,1.0,0.0,14.1083,
male,25.0,0.0,3.0,0.0,0.0,7.25,
male,11.0,0.0,3.0,0.0,0.0,18.7875,
male,27.0,1.0,3.0,0.0,0.0,6.975,
female,18.0,0.0,3.0,0.0,0.0,6.75,
female,26.0,1.0,3.0,0.0,0.0,7.925,
female,23.0,0.0,3.0,0.0,0.0,7.925,
female,22.0,1.0,3.0,0.0,0.0,8.9625,
male,28.0,0.0,3.0,0.0,0.0,7.8958,
female,28.0,0.0,3.0,0.0,0.0,7.775,
female,2.0,1.0,3.0,0.0,1.0,12.2875,
female,22.0,1.0,3.0,1.0,1.0,12.2875,
male,43.0,0.0,3.0,0.0,0.0,6.45,
male,28.0,0.0,3.0,0.0,0.0,22.525,
female,27.0,1.0,3.0,0.0,0.0,7.925,
male,42.0,0.0,3.0,0.0,0.0,7.65,F
male,30.0,0.0,3.0,0.0,0.0,7.2292,
female,27.0,0.0,3.0,1.0,0.0,7.925,
female,25.0,0.0,3.0,1.0,0.0,7.925,
male,29.0,1.0,3.0,0.0,0.0,7.8958,
male,21.0,1.0,3.0,0.0,0.0,7.7958,
male,20.0,0.0,3.0,0.0,0.0,7.8542,
male,48.0,0.0,3.0,0.0,0.0,7.8542,
male,17.0,0.0,3.0,1.0,0.0,7.0542,
male,34.0,0.0,3.0,0.0,0.0,6.4958,
male,26.0,1.0,3.0,0.0,0.0,7.775,
male,22.0,0.0,3.0,0.0,0.0,7.7958,
male,33.0,0.0,3.0,0.0,0.0,8.6542,
male,31.0,0.0,3.0,0.0,0.0,7.775,
male,29.0,0.0,3.0,0.0,0.0,7.8542,
male,4.0,1.0,3.0,1.0,1.0,11.1333,
female,1.0,1.0,3.0,1.0,1.0,11.1333,
male,49.0,0.0,3.0,0.0,0.0,0.0,
male,33.0,0.0,3.0,0.0,0.0,7.775,
male,19.0,0.0,3.0,0.0,0.0,0.0,
female,27.0,1.0,3.0,0.0,2.0,11.1333,
male,23.0,0.0,3.0,0.0,0.0,7.8958,
male,32.0,1.0,3.0,0.0,0.0,7.8542,
male,27.0,0.0,3.0,0.0,0.0,7.8542,
female,20.0,0.0,3.0,1.0,0.0,9.825,
female,21.0,0.0,3.0,1.0,0.0,9.825,
male,32.0,1.0,3.0,0.0,0.0,7.925,
male,17.0,0.0,3.0,0.0,0.0,7.125,
male,21.0,0.0,3.0,0.0,0.0,8.4333,
male,30.0,0.0,3.0,0.0,0.0,7.8958,
male,21.0,1.0,3.0,0.0,0.0,7.7958,
male,33.0,0.0,3.0,0.0,0.0,7.8542,
male,22.0,0.0,3.0,0.0,0.0,7.5208,
female,4.0,1.0,3.0,0.0,1.0,13.4167,
male,39.0,1.0,3.0,0.0,1.0,13.4167,
male,18.5,0.0,3.0,0.0,0.0,7.2292,
male,34.5,0.0,3.0,0.0,0.0,7.8292,
male,44.0,0.0,3.0,0.0,0.0,8.05,
female,22.0,0.0,3.0,2.0,0.0,8.6625,
male,26.0,0.0,3.0,2.0,0.0,8.6625,
female,4.0,1.0,3.0,0.0,2.0,22.025,
male,29.0,1.0,3.0,3.0,1.0,22.025,
female,26.0,1.0,3.0,1.0,1.0,22.025,
female,1.0,0.0,3.0,1.0,1.0,12.1833,
male,18.0,0.0,3.0,1.0,1.0,7.8542,
female,36.0,0.0,3.0,0.0,2.0,12.1833,
male,25.0,1.0,3.0,0.0,0.0,7.2292,F
female,37.0,0.0,3.0,0.0,0.0,9.5875,
female,22.0,1.0,3.0,0.0,0.0,7.25,
male,26.0,1.0,3.0,0.0,0.0,56.4958,
male,29.0,0.0,3.0,0.0,0.0,9.4833,
male,29.0,0.0,3.0,0.0,0.0,7.775,
male,22.0,0.0,3.0,0.0,0.0,7.775,
male,22.0,1.0,3.0,0.0,0.0,7.225,
male,32.0,0.0,3.0,0.0,0.0,7.925,
male,34.5,0.0,3.0,0.0,0.0,6.4375,
male,36.0,0.0,3.0,0.0,0.0,0.0,
male,39.0,0.0,3.0,0.0,0.0,24.15,
male,24.0,0.0,3.0,0.0,0.0,9.5,
female,25.0,0.0,3.0,0.0,0.0,7.775,
female,45.0,0.0,3.0,0.0,0.0,7.75,
male,36.0,0.0,3.0,1.0,0.0,15.55,
female,30.0,0.0,3.0,1.0,0.0,15.55,
male,20.0,1.0,3.0,1.0,0.0,7.925,
male,28.0,0.0,3.0,0.0,0.0,56.4958,
male,30.0,0.0,3.0,1.0,0.0,16.1,
female,26.0,0.0,3.0,1.0,0.0,16.1,
male,20.5,0.0,3.0,0.0,0.0,7.25,
male,27.0,1.0,3.0,0.0,0.0,8.6625,
male,51.0,0.0,3.0,0.0,0.0,7.0542,
female,23.0,1.0,3.0,0.0,0.0,7.8542,
male,32.0,1.0,3.0,0.0,0.0,7.5792,
male,24.0,1.0,3.0,0.0,0.0,7.1417,
male,22.0,0.0,3.0,0.0,0.0,7.125,
male,29.0,0.0,3.0,0.0,0.0,7.925,
female,30.5,0.0,3.0,0.0,0.0,7.75,
male,35.0,0.0,3.0,0.0,0.0,7.8958,
male,33.0,0.0,3.0,0.0,0.0,7.8958,
female,15.0,1.0,3.0,0.0,0.0,8.0292,
female,35.0,0.0,3.0,0.0,0.0,7.75,
male,24.0,0.0,3.0,1.0,0.0,16.1,
female,19.0,0.0,3.0,1.0,0.0,16.1,
male,55.5,0.0,3.0,0.0,0.0,8.05,
male,21.0,1.0,3.0,0.0,0.0,7.775,
male,24.0,0.0,3.0,0.0,0.0,7.8958,
male,21.0,0.0,3.0,0.0,0.0,7.8958,
male,28.0,0.0,3.0,0.0,0.0,7.8958,
male,25.0,0.0,3.0,0.0,0.0,7.65,F
male,6.0,1.0,3.0,0.0,1.0,12.475,E
female,27.0,1.0,3.0,0.0,1.0,12.475,E
male,34.0,0.0,3.0,0.0,0.0,8.05,
female,24.0,1.0,3.0,0.0,0.0,7.75,
male,18.0,0.0,3.0,0.0,0.0,7.75,
male,22.0,0.0,3.0,0.0,0.0,7.8958,
female,15.0,1.0,3.0,0.0,0.0,7.225,
female,1.0,1.0,3.0,0.0,2.0,15.7417,
male,20.0,1.0,3.0,1.0,1.0,15.7417,
female,19.0,1.0,3.0,1.0,1.0,15.7417,
male,33.0,0.0,3.0,0.0,0.0,8.05,
male,12.0,1.0,3.0,1.0,0.0,11.2417,
female,14.0,1.0,3.0,1.0,0.0,11.2417,
female,29.0,0.0,3.0,0.0,0.0,7.925,
male,28.0,0.0,3.0,0.0,0.0,8.05,
female,18.0,1.0,3.0,0.0,0.0,7.775,
female,26.0,1.0,3.0,0.0,0.0,7.8542,
male,21.0,0.0,3.0,0.0,0.0,7.8542,
male,41.0,0.0,3.0,0.0,0.0,7.125,
male,39.0,1.0,3.0,0.0,0.0,7.925,
male,21.0,0.0,3.0,0.0,0.0,7.8,
male,28.5,0.0,3.0,0.0,0.0,7.2292,
female,22.0,1.0,3.0,0.0,0.0,7.75,
male,61.0,0.0,3.0,0.0,0.0,6.2375,
male,23.0,0.0,3.0,0.0,0.0,9.225,
female,22.0,1.0,3.0,0.0,0.0,7.775,
male,9.0,1.0,3.0,0.0,1.0,3.1708,
male,28.0,0.0,3.0,0.0,0.0,22.525,
male,42.0,0.0,3.0,0.0,1.0,8.4042,
female,31.0,0.0,3.0,0.0,0.0,7.8542,
male,28.0,0.0,3.0,0.0,0.0,7.8542,
male,32.0,1.0,3.0,0.0,0.0,7.775,
male,20.0,0.0,3.0,0.0,0.0,9.225,
female,23.0,0.0,3.0,0.0,0.0,8.6625,
female,20.0,0.0,3.0,0.0,0.0,8.6625,
male,20.0,0.0,3.0,0.0,0.0,8.6625,
male,16.0,0.0,3.0,0.0,0.0,9.2167,
female,31.0,1.0,3.0,0.0,0.0,8.6833,
male,2.0,0.0,3.0,3.0,1.0,21.075,
male,6.0,0.0,3.0,3.0,1.0,21.075,
female,3.0,0.0,3.0,3.0,1.0,21.075,
female,8.0,0.0,3.0,3.0,1.0,21.075,
female,29.0,0.0,3.0,0.0,4.0,21.075,
male,1.0,0.0,3.0,4.0,1.0,39.6875,
male,7.0,0.0,3.0,4.0,1.0,39.6875,
male,2.0,0.0,3.0,4.0,1.0,39.6875,
male,16.0,0.0,3.0,4.0,1.0,39.6875,
male,14.0,0.0,3.0,4.0,1.0,39.6875,
female,41.0,0.0,3.0,0.0,5.0,39.6875,
male,21.0,0.0,3.0,0.0,0.0,8.6625,
male,19.0,0.0,3.0,0.0,0.0,14.5,
male,32.0,0.0,3.0,0.0,0.0,7.8958,
male,0.75,0.0,3.0,1.0,1.0,13.775,
female,3.0,0.0,3.0,1.0,1.0,13.775,
female,26.0,0.0,3.0,0.0,2.0,13.775,
male,21.0,0.0,3.0,0.0,0.0,7.925,
male,25.0,0.0,3.0,0.0,0.0,7.925,
male,22.0,0.0,3.0,0.0,0.0,7.25,
male,25.0,1.0,3.0,1.0,0.0,7.775,
male,24.0,0.0,3.0,0.0,0.0,8.05,
female,28.0,0.0,3.0,0.0,0.0,7.8958,
male,19.0,0.0,3.0,0.0,0.0,7.8958,
male,25.0,0.0,3.0,1.0,0.0,7.775,
female,18.0,0.0,3.0,0.0,0.0,7.775,
male,32.0,1.0,3.0,0.0,0.0,8.05,E
male,17.0,0.0,3.0,0.0,0.0,8.6625,
male,24.0,0.0,3.0,0.0,0.0,8.6625,
male,38.0,0.0,3.0,0.0,0.0,7.8958,
male,21.0,0.0,3.0,0.0,0.0,8.05,
male,10.0,0.0,3.0,4.0,1.0,29.125,
male,4.0,0.0,3.0,4.0,1.0,29.125,
male,7.0,0.0,3.0,4.0,1.0,29.125,
male,2.0,0.0,3.0,4.0,1.0,29.125,
male,8.0,0.0,3.0,4.0,1.0,29.125,
female,39.0,0.0,3.0,0.0,5.0,29.125,
female,22.0,0.0,3.0,0.0,0.0,39.6875,
male,35.0,0.0,3.0,0.0,0.0,7.125,
male,50.0,0.0,3.0,1.0,0.0,14.5,
female,47.0,0.0,3.0,1.0,0.0,14.5,
female,2.0,0.0,3.0,1.0,1.0,20.2125,
male,18.0,0.0,3.0,1.0,1.0,20.2125,
female,41.0,0.0,3.0,0.0,2.0,20.2125,
male,50.0,0.0,3.0,0.0,0.0,8.05,
male,16.0,0.0,3.0,0.0,0.0,8.05,
male,25.0,0.0,3.0,0.0,0.0,7.225,
male,38.5,0.0,3.0,0.0,0.0,7.25,
male,14.5,0.0,3.0,8.0,2.0,69.55,
male,24.0,0.0,3.0,0.0,0.0,9.325,
female,21.0,1.0,3.0,0.0,0.0,7.65,
male,39.0,0.0,3.0,0.0,0.0,7.925,
female,1.0,1.0,3.0,1.0,1.0,16.7,G
female,24.0,1.0,3.0,0.0,2.0,16.7,G
female,4.0,1.0,3.0,1.0,1.0,16.7,G
male,25.0,1.0,3.0,0.0,0.0,9.5,
male,20.0,0.0,3.0,0.0,0.0,8.05,
male,24.5,0.0,3.0,0.0,0.0,8.05,
male,29.0,1.0,3.0,0.0,0.0,9.5,
male,22.0,0.0,3.0,0.0,0.0,7.2292,
male,40.0,0.0,3.0,0.0,0.0,7.8958,
male,21.0,0.0,3.0,0.0,0.0,7.925,
female,18.0,1.0,3.0,0.0,0.0,7.4958,
male,4.0,0.0,3.0,3.0,2.0,27.9,
male,10.0,0.0,3.0,3.0,2.0,27.9,
female,9.0,0.0,3.0,3.0,2.0,27.9,
female,2.0,0.0,3.0,3.0,2.0,27.9,
male,40.0,0.0,3.0,1.0,4.0,27.9,
female,45.0,0.0,3.0,1.0,4.0,27.9,
male,19.0,0.0,3.0,0.0,0.0,7.65,F
male,30.0,0.0,3.0,0.0,0.0,8.05,
male,32.0,0.0,3.0,0.0,0.0,8.05,
male,33.0,0.0,3.0,0.0,0.0,8.6625,
female,23.0,1.0,3.0,0.0,0.0,7.55,
male,21.0,0.0,3.0,0.0,0.0,8.05,
male,19.0,0.0,3.0,0.0,0.0,7.8958,
female,22.0,0.0,3.0,0.0,0.0,9.8375,
male,31.0,1.0,3.0,0.0,0.0,7.925,
male,27.0,0.0,3.0,0.0,0.0,8.6625,
female,2.0,0.0,3.0,0.0,1.0,10.4625,G
female,29.0,0.0,3.0,1.0,1.0,10.4625,G
male,16.0,1.0,3.0,0.0,0.0,8.05,
male,44.0,1.0,3.0,0.0,0.0,7.925,
male,25.0,0.0,3.0,0.0,0.0,7.05,
male,74.0,0.0,3.0,0.0,0.0,7.775,
male,14.0,1.0,3.0,0.0,0.0,9.225,
male,24.0,0.0,3.0,0.0,0.0,7.7958,
male,25.0,1.0,3.0,0.0,0.0,7.7958,
male,34.0,0.0,3.0,0.0,0.0,8.05,
male,0.4167,1.0,3.0,0.0,1.0,8.5167,
female,16.0,1.0,3.0,1.0,1.0,8.5167,
male,32.0,0.0,3.0,0.0,0.0,7.925,
male,30.5,0.0,3.0,0.0,0.0,8.05,
male,44.0,0.0,3.0,0.0,0.0,8.05,
male,25.0,1.0,3.0,0.0,0.0,0.0,
male,7.0,1.0,3.0,1.0,1.0,15.2458,
female,9.0,1.0,3.0,1.0,1.0,15.2458,
female,29.0,1.0,3.0,0.0,2.0,15.2458,
male,36.0,0.0,3.0,0.0,0.0,7.8958,
female,18.0,1.0,3.0,0.0,0.0,9.8417,
female,63.0,1.0,3.0,0.0,0.0,9.5875,
male,11.5,0.0,3.0,1.0,1.0,14.5,
male,40.5,0.0,3.0,0.0,2.0,14.5,
female,10.0,0.0,3.0,0.0,2.0,24.15,
male,36.0,0.0,3.0,1.0,1.0,24.15,
female,30.0,0.0,3.0,1.0,1.0,24.15,
male,33.0,0.0,3.0,0.0,0.0,9.5,
male,28.0,0.0,3.0,0.0,0.0,9.5,
male,28.0,0.0,3.0,0.0,0.0,9.5,
male,47.0,0.0,3.0,0.0,0.0,9.0,
female,18.0,0.0,3.0,2.0,0.0,18.0,
male,31.0,0.0,3.0,3.0,0.0,18.0,
male,16.0,0.0,3.0,2.0,0.0,18.0,
female,31.0,0.0,3.0,1.0,0.0,18.0,
male,22.0,1.0,3.0,0.0,0.0,7.225,
male,20.0,0.0,3.0,0.0,0.0,7.8542,
female,14.0,0.0,3.0,0.0,0.0,7.8542,
male,22.0,0.0,3.0,0.0,0.0,7.8958,
male,22.0,0.0,3.0,0.0,0.0,9.0,
male,32.5,0.0,3.0,0.0,0.0,9.5,
female,38.0,1.0,3.0,0.0,0.0,7.2292,
male,51.0,0.0,3.0,0.0,0.0,7.75,
male,18.0,0.0,3.0,1.0,0.0,6.4958,
male,21.0,0.0,3.0,1.0,0.0,6.4958,
female,47.0,1.0,3.0,1.0,0.0,7.0,
male,28.5,0.0,3.0,0.0,0.0,16.1,
male,21.0,0.0,3.0,0.0,0.0,7.25,
male,27.0,0.0,3.0,0.0,0.0,8.6625,
male,36.0,0.0,3.0,0.0,0.0,9.5,
male,27.0,0.0,3.0,1.0,0.0,14.4542,
female,15.0,1.0,3.0,1.0,0.0,14.4542,
male,45.5,0.0,3.0,0.0,0.0,7.225,
female,14.5,0.0,3.0,1.0,0.0,14.4542,
male,26.5,0.0,3.0,0.0,0.0,7.225,
male,27.0,0.0,3.0,0.0,0.0,7.225,
male,29.0,0.0,3.0,0.0,0.0,7.875,
